cohort,firstDate,end,LCP,INP,CLS,FCP,TTFB,RTT,imagePercent,imageTTFB,resourceDelay,resourceDuration,renderDelay
origin_desktop,2026-06-07,2026-07-04,2308,64,0.06,1961,542,129,73.2,513,1520,316,184
origin_desktop,2026-06-14,2026-07-11,2151,64,0.04,1966,546,137,76.8,537,1373,312,176
origin_desktop,2026-06-21,2026-07-18,2174,66,0.05,1998,546,129,79.8,529,1411,314,184
origin_desktop,2026-06-28,2026-07-25,2002,64,0.06,1784,523,126,84.1,517,1366,324,164
origin_desktop,2026-07-05,2026-08-01,2093,66,0.1,1802,543,119,82.2,518,1373,322,193
origin_desktop,2026-07-12,2026-08-08,1983,70,0.12,1697,489,111,82.3,483,1201,316,201
origin_desktop,2026-07-19,2026-08-15,1981,66,0.13,1676,483,114,79.4,488,1201,323,199
origin_desktop,2026-07-26,2026-08-22,2082,68,0.12,1781,516,114,78.6,518,1254,293,210
origin_desktop,2026-08-02,2026-08-29,2051,65,0.05,1780,553,117,78.7,596,1327,306,207
origin_desktop,2026-08-09,2026-09-05,2297,66,0.04,1883,647,126,77.2,728,1413,323,207
origin_desktop,2026-08-16,2026-09-12,2401,68,0.03,1951,739,135,76.4,794,1504,327,196
origin_desktop,2026-08-23,2026-09-19,2488,75,0.03,1917,759,129,74.7,883,1489,312,231
origin_phone,2026-06-07,2026-07-04,2787,177,0.06,2727,594,200,29.8,681,1359,362,633
origin_phone,2026-06-14,2026-07-11,2787,173,0.1,2741,628,201,28.6,715,1374,374,649
origin_phone,2026-06-21,2026-07-18,2798,198,0.12,2686,648,213,32.2,748,1342,356,616
origin_phone,2026-06-28,2026-07-25,2879,204,0.11,2741,671,212,33.3,715,1507,328,623
origin_phone,2026-07-05,2026-08-01,2910,207,0.12,2686,688,195,34.8,1051,1882,298,575
origin_phone,2026-07-12,2026-08-08,2866,212,0.13,2612,702,183,36.3,1785,1934,273,544
origin_phone,2026-07-19,2026-08-15,3019,220,0.13,2706,792,185,39.6,2048,1950,273,574
origin_phone,2026-07-26,2026-08-22,2967,213,0.13,2600,881,192,40.4,2126,2055,289,508
origin_phone,2026-08-02,2026-08-29,3088,220,0.09,2705,886,217,40.2,1363,1661,299,574
origin_phone,2026-08-09,2026-09-05,3378,231,0.07,2831,960,260,41.9,1056,1598,344,615
origin_phone,2026-08-16,2026-09-12,3073,205,0.06,2682,917,243,41.5,871,1399,322,558
origin_phone,2026-08-23,2026-09-19,3001,227,0.06,2630,868,261,48.2,880,1380,324,559
home_phone,2026-06-07,2026-07-04,3196,,0,3148,,199,,,,,
home_phone,2026-06-14,2026-07-11,3196,240,0.1,3176,,198,,,,,
home_phone,2026-06-21,2026-07-18,3124,285,0.12,3049,,195,,,,,
home_phone,2026-06-28,2026-07-25,3099,261,0.12,3000,,199,,,,,
home_phone,2026-07-05,2026-08-01,2798,250,0.12,2760,717,183,,,,,
home_phone,2026-07-12,2026-08-08,2710,244,0.11,2650,,183,,,,,
home_phone,2026-07-19,2026-08-15,2764,255,0.11,2708,,194,,,,,
home_phone,2026-07-26,2026-08-22,2574,247,0.12,2498,,192,,,,,
home_phone,2026-08-02,2026-08-29,,276,0.07,2661,,,,,,,
home_phone,2026-08-09,2026-09-05,2976,338,0.07,2852,,275,,,,,
home_phone,2026-08-16,2026-09-12,2848,252,0.06,2755,772,266,52,,,,
home_phone,2026-08-23,2026-09-19,2880,260,0.06,2711,742,270,65.2,742,1256,300,860
home_desktop,2026-06-07,2026-07-04,2055,,0.12,1955,,138,,,,,
home_desktop,2026-06-14,2026-07-11,2002,80,0.12,1989,,134,,,,,
home_desktop,2026-06-21,2026-07-18,2314,80,0.14,2048,,134,,,,,
home_desktop,2026-06-28,2026-07-25,2314,80,0.15,2048,,138,,,,,
home_desktop,2026-07-05,2026-08-01,2389,97,0.16,2276,739,150,,,,,
home_desktop,2026-07-12,2026-08-08,2294,91,0.19,1974,,132,,,,,
home_desktop,2026-07-19,2026-08-15,2016,91,0.17,1927,,145,,,,,
home_desktop,2026-07-26,2026-08-22,2026,91,0.11,1951,,117,,,,,
home_desktop,2026-08-02,2026-08-29,,76,0.04,1724,,,,,,,
home_desktop,2026-08-09,2026-09-05,1968,67,0.04,1738,,128,,,,,
home_desktop,2026-08-16,2026-09-12,1950,75,0.03,1738,392,128,100,,,,
home_desktop,2026-08-23,2026-09-19,1921,86,0.03,1729,389,135,100,391,1337,255,238
